{
  "timestamp": "2026-07-08T00:11:00Z",
  "total_samples": 16012,
  "simulated": true,
  "dataset": "fitzpatrick17k",
  "metrics": {
    "accuracy": {
      "light_mean": 0.9192815093834673,
      "dark_mean": 0.796202700689811,
      "gap": 0.12307880869365628
    },
    "sensitivity": {
      "light_mean": 0.9154484705920602,
      "dark_mean": 0.8050658200198199,
      "gap": 0.11038265057224039
    },
    "specificity": {
      "light_mean": 0.9992981000815954,
      "dark_mean": 0.9979649864654299,
      "gap": 0.0013331136161655044
    },
    "urgency_agreement": {
      "light_mean": 0.8972410251661775,
      "dark_mean": 0.9041352707623875,
      "gap": -0.006894245596209991
    }
  },
  "overall_status": "RED \u2014 Block deployment"
}