fitzpatrick_type,n,accuracy,sensitivity,specificity,urgency_agreement,cohen_kappa,brier_score
1,787,0.9174078780177891,0.45870393900889456,0.45870393900889456,0.8818297331639136,0.0,0.080045268533923
2,949,0.9251844046364595,0.46259220231822973,0.46259220231822973,0.8998946259220232,0.0,0.07363871408467235
3,793,0.8877679697351829,0.44388398486759145,0.44388398486759145,0.8940731399747793,0.0,0.10668798254183896
4,783,0.8671775223499362,0.4335887611749681,0.4335887611749681,0.8939974457215837,0.0,0.12319244580936257
5,811,0.7990135635018496,0.3995067817509248,0.3995067817509248,0.8976572133168927,0.0,0.1825293237132991
6,749,0.787716955941255,0.3938584779706275,0.3938584779706275,0.910547396528705,0.0,0.1801292519450209
